{
  "Get aws/sts" : {
    "transaction" : "Get aws/sts",
    "sampleCount" : 1000,
    "errorCount" : 0,
    "errorPct" : 0.0,
    "meanResTime" : 683.3670000000006,
    "medianResTime" : 277.0,
    "minResTime" : 185.0,
    "maxResTime" : 8750.0,
    "pct1ResTime" : 394.0,
    "pct2ResTime" : 7597.75,
    "pct3ResTime" : 8200.91,
    "throughput" : 3.6268546828134234,
    "receivedKBytesPerSec" : 4.023541913746142,
    "sentKBytesPerSec" : 1.4167401104739936
  },
  "Get Phos" : {
    "transaction" : "Get Phos",
    "sampleCount" : 1000,
    "errorCount" : 0,
    "errorPct" : 0.0,
    "meanResTime" : 1802.666000000003,
    "medianResTime" : 600.0,
    "minResTime" : 514.0,
    "maxResTime" : 15257.0,
    "pct1ResTime" : 5541.999999999998,
    "pct2ResTime" : 12390.85,
    "pct3ResTime" : 14244.64,
    "throughput" : 3.533094496145394,
    "receivedKBytesPerSec" : 22.816751858407706,
    "sentKBytesPerSec" : 1.718243221758209
  },
  "Total" : {
    "transaction" : "Total",
    "sampleCount" : 4000,
    "errorCount" : 0,
    "errorPct" : 0.0,
    "meanResTime" : 1082.8129999999971,
    "medianResTime" : 532.0,
    "minResTime" : 143.0,
    "maxResTime" : 15257.0,
    "pct1ResTime" : 1071.0,
    "pct2ResTime" : 7427.5999999999985,
    "pct3ResTime" : 13099.359999999986,
    "throughput" : 13.257851962824983,
    "receivedKBytesPerSec" : 29.377017679345588,
    "sentKBytesPerSec" : 6.1013307983215554
  },
  "Get Covid Exposure site" : {
    "transaction" : "Get Covid Exposure site",
    "sampleCount" : 1000,
    "errorCount" : 0,
    "errorPct" : 0.0,
    "meanResTime" : 619.1730000000003,
    "medianResTime" : 200.0,
    "minResTime" : 143.0,
    "maxResTime" : 8419.0,
    "pct1ResTime" : 305.0,
    "pct2ResTime" : 7323.749999999998,
    "pct3ResTime" : 7676.99,
    "throughput" : 3.449858038341722,
    "receivedKBytesPerSec" : 3.5677731080116053,
    "sentKBytesPerSec" : 1.7384050271331333
  },
  "Login  Request" : {
    "transaction" : "Login  Request",
    "sampleCount" : 1000,
    "errorCount" : 0,
    "errorPct" : 0.0,
    "meanResTime" : 1226.0459999999985,
    "medianResTime" : 912.0,
    "minResTime" : 711.0,
    "maxResTime" : 10932.0,
    "pct1ResTime" : 1124.6999999999998,
    "pct2ResTime" : 1406.6499999999996,
    "pct3ResTime" : 8852.5,
    "throughput" : 3.3287064313936963,
    "receivedKBytesPerSec" : 0.871184886341319,
    "sentKBytesPerSec" : 1.531074930846124
  }
}